accountNumber,agentId,agentAssignedProcessId,isSystem,name,cmdLine,path,agentProvidedTimeStamp
185946404262,o-3j4ftzagcxdyxro8j,0C640A305A919E200513A79A184E584A42BA7F0C,false,sleep,sleep 60,/usr/bin/sleep,2018-05-25 21:02:28
185946404262,o-3j4ftzagcxdyxro8j,FBC8D6437CBA4F5A5494A3FEB502E9574F18F841,false,crond,/usr/sbin/CROND -n,/usr/sbin/crond,2018-05-25 21:03:00
185946404262,o-3j4ftzagcxdyxro8j,EE58B3528784F2B72A4079FA0147EA533853DD70,false,bash,/bin/bash -c nice -10 /bin/sleep $(( ( $RANDOM % 3000 ) + 1 ))s; nice -10 /var/opt/aws/discovery/update > /var/log/aws/discovery/aws-discovery-agent-upgrade.log 2>&1,/usr/bin/bash,2018-05-25 21:03:00
185946404262,o-3j4ftzagcxdyxro8j,D10AF8FF95220851FB15827029175EBBD58DFC27,false,sleep,/bin/sleep 2440s,/usr/bin/sleep,2018-05-25 21:03:00
185946404262,o-3j4ftzagcxdyxro8j,0C640A305A919E200513A79A184E584A42BA7F0C,false,sleep,sleep 60,/usr/bin/sleep,2018-05-25 21:03:28
185946404262,o-3j4ftzagcxdyxro8j,D538E806B42401FCA208C07FDE0FB335EA15C539,false,,,,2018-05-25 21:04:07
185946404262,o-3j4ftzagcxdyxro8j,0C640A305A919E200513A79A184E584A42BA7F0C,false,sleep,sleep 60,/usr/bin/sleep,2018-05-25 21:04:28
185946404262,o-3j4ftzagcxdyxro8j,0C640A305A919E200513A79A184E584A42BA7F0C,false,sleep,sleep 60,/usr/bin/sleep,2018-05-25 21:05:28
185946404262,o-3j4ftzagcxdyxro8j,0C640A305A919E200513A79A184E584A42BA7F0C,false,sleep,sleep 60,/usr/bin/sleep,2018-05-25 21:06:28
185946404262,o-3j4ftzagcxdyxro8j,DA39A3EE5E6B4B0D3255BFEF95601890AFD80709,false,,,,2018-05-25 21:06:59
185946404262,o-3j4ftzagcxdyxro8j,0C640A305A919E200513A79A184E584A42BA7F0C,false,sleep,sleep 60,/usr/bin/sleep,2018-05-25 21:07:29
185946404262,o-3j4ftzagcxdyxro8j,0C640A305A919E200513A79A184E584A42BA7F0C,false,sleep,sleep 60,/usr/bin/sleep,2018-05-25 21:08:29
185946404262,o-3j4ftzagcxdyxro8j,0C640A305A919E200513A79A184E584A42BA7F0C,false,sleep,sleep 60,/usr/bin/sleep,2018-05-25 21:09:29
185946404262,o-3j4ftzagcxdyxro8j,D538E806B42401FCA208C07FDE0FB335EA15C539,false,,,,2018-05-25 21:10:04
185946404262,o-3j4ftzagcxdyxro8j,0C640A305A919E200513A79A184E584A42BA7F0C,false,sleep,sleep 60,/usr/bin/sleep,2018-05-25 21:10:29
185946404262,o-3j4ftzagcxdyxro8j,0C640A305A919E200513A79A184E584A42BA7F0C,false,sleep,sleep 60,/usr/bin/sleep,2018-05-25 21:11:29
185946404262,o-3j4ftzagcxdyxro8j,D538E806B42401FCA208C07FDE0FB335EA15C539,false,,,,2018-05-25 21:12:09
185946404262,o-3j4ftzagcxdyxro8j,0C640A305A919E200513A79A184E584A42BA7F0C,false,sleep,sleep 60,/usr/bin/sleep,2018-05-25 21:12:29
185946404262,o-3j4ftzagcxdyxro8j,0C640A305A919E200513A79A184E584A42BA7F0C,false,sleep,sleep 60,/usr/bin/sleep,2018-05-25 21:13:29
185946404262,o-3j4ftzagcxdyxro8j,0C640A305A919E200513A79A184E584A42BA7F0C,false,sleep,sleep 60,/usr/bin/sleep,2018-05-25 21:14:29
185946404262,o-3j4ftzagcxdyxro8j,D538E806B42401FCA208C07FDE0FB335EA15C539,false,,,,2018-05-25 21:14:50
185946404262,o-3j4ftzagcxdyxro8j,0C640A305A919E200513A79A184E584A42BA7F0C,false,sleep,sleep 60,/usr/bin/sleep,2018-05-25 21:15:29
185946404262,o-3j4ftzagcxdyxro8j,D538E806B42401FCA208C07FDE0FB335EA15C539,false,,,,2018-05-25 21:15:35
185946404262,o-3j4ftzagcxdyxro8j,0C640A305A919E200513A79A184E584A42BA7F0C,false,sleep,sleep 60,/usr/bin/sleep,2018-05-25 21:16:29
